{
  "dictionary": [
    {"word": "BATTLE", "definition": "Fertile. See Battel, a. [Obs.]"},
    {"word": "ULCERATE", "definition": "To be formed into an ulcer; to become ulcerous."},
    {"word": "ENLIGHTENMENT", "definition": "Act of enlightening, or the state of being enlightened orinstructed."},
    {"word": "FANION", "definition": "A small flag sometimes carried at the head of the baggage of abrigade. [Obs.]"},
    {"word": "TURFEN", "definition": "Made of turf; covered with turf."},
    {"word": "LATITATION", "definition": "A lying in concealment; hiding. [Obs.]"},
    {"word": "MOISTY", "definition": "Moist. [Obs.]"},
    {"word": "ORTHODOXICAL", "definition": "Pertaining to, or evincing, orthodoxy; orthodox."},
    {"word": "AMYLOGENESIS", "definition": "The formation of starch."},
    {"word": "PILASTERED", "definition": "Furnished with pilasters."},
    {"word": "COGITATION", "definition": "The act of thinking; thought; meditation; contemplation. \"Fixedin cogitation deep.\" Milton."},
    {"word": "ALDEBARAN", "definition": "A red star of the first magnitude, situated in the eye ofTaurus; the Bull's Eye. It is the bright star in the group called theHyades.Now when Aldebaran was mounted high Above the shiny Cassiopeia'schair. Spenser."},
    {"word": "CAGOT", "definition": "One of a race inhabiting the valleys of the Pyrenees, who until1793 were political and social outcasts (Christian Pariahs). They aresupposed to be a remnant of the Visigoths."},
    {"word": "COMOSE", "definition": "Bearing a tuft of soft hairs or down, as the seeds of milkweed.Gray."},
    {"word": "DEMUR", "definition": "To interpose a demurrer. See Demurrer, 2."},
    {"word": "MILKMAN", "definition": "A man who sells milk or delivers is to customers."},
    {"word": "STEERLING", "definition": "A young small steer."},
    {"word": "ATMO", "definition": "The standard atmospheric pressure used in certain physicalmeasurements calculations; conventionally, that pressure under whichthe barometer stands at 760 millimeters, at a temperature of 0Centigrade, at the level of the sea, and in the latitude of Paris.Sir W. Thomson."},
    {"word": "WIMBLE", "definition": "An instrument for boring holes, turned by a handle.Specifically:(a) A gimlet. \" It is but like the little wimble, to let in thegreater auger.\" Selden.(b) A stonecutter's brace for boring holes in stone.(c) An auger used for boring in earth."},
    {"word": "DIRECTNESS", "definition": "The quality of being direct; straightness; straightforwardness;immediateness."},
    {"word": "DESKWORK", "definition": "Work done at a desk, as by a clerk or writer. Tennyson."},
    {"word": "UNPAINT", "definition": "To remove the paint from; to efface, as a painting. Parnell."},
    {"word": "CERATINE", "definition": "Sophistical."},
    {"word": "MYRISTIC", "definition": "Pertaining to, or derived from, the nutmeg (Myristica).Specifically, designating an acid found in nutmeg oil and otoba fat,and extracted as a white crystalline waxy substance."},
    {"word": "CHISLEY", "definition": "Having a large admixture of small pebbles or gravel; -- said ofa soil. Gardner."},
    {"word": "CHARGEANT", "definition": "Burdensome; troublesome. [Obs.] Chaucer."},
    {"word": "LUTH", "definition": "The leatherback."},
    {"word": "MYRISTIN", "definition": "The myristate of glycerin, -- found as a vegetable fat innutmeg butter, etc."},
    {"word": "HOARD", "definition": "See Hoarding, 2. Smart."},
    {"word": "MISSELTOE", "definition": "See Mistletoe."},
    {"word": "LANDAULET", "definition": "A small landau."},
    {"word": "VESICATE", "definition": "To raise little bladders or blisters upon; to inflame andseparate the cuticle of; to blister. Wiseman."},
    {"word": "AUSTERELY", "definition": "Severely; rigidly; sternly.A doctrine austerely logical. Macaulay."},
    {"word": "ARAGUATO", "definition": "A South American monkey, the ursine howler (Mycetes ursinus).See Howler, n., 2."},
    {"word": "TIMBERHEAD", "definition": "The top end of a timber, rising above the gunwale, and servingfor belaying ropes, etc.; -- called also kevel head."},
    {"word": "QUILTER", "definition": "One who, or that which, quilts."},
    {"word": "HYMENOPHORE", "definition": "That part of a fungus which is covered with the hymenium."},
    {"word": "ERRATICAL", "definition": "Erratic.-- Er*rat\"ic*al*ly, adv.-- Er*rat\"ic*al*ness, n."},
    {"word": "LANARKITE", "definition": "A mineral consisting of sulphate of lead, occurring eithermassive or in long slender prisms, of a greenish white or gray color."},
    {"word": "PREPAYMENT", "definition": "Payment in advance."},
    {"word": "ASSOCIATIVE", "definition": "Having the quality of associating; tending or leading toassociation; as, the associative faculty. Hugh Miller."}
  ]
}
