{
  "dictionary": [
    {"word": "MEAGRE", "definition": "A large European scinoid fish (Scina umbra or S. aquila),having white bloodless flesh. It is valued as a food fish. [Writtenalso maigre.]"},
    {"word": "GRUGRU WORM", "definition": "The larva or grub of a large South American beetle (Calandrapalmarum), which lives in the pith of palm trees and sugar cane. Itis eaten by the natives, and esteemed a delicacy."},
    {"word": "POSTPONEMENT", "definition": "The act of postponing; a deferring, or putting off, to a futuretime; a temporary delay. Macaulay."},
    {"word": "PIPERIC", "definition": "Pertaining to, or derived from, or designating, a complexorganic acid found in the products of different members of the Pepperfamily, and extracted as a yellowish crystalline substance."},
    {"word": "OXYBENZENE", "definition": "Hydroxy benzene. Same as Phenol."},
    {"word": "CERATINE", "definition": "Sophistical."},
    {"word": "MYRISTIC", "definition": "Pertaining to, or derived from, the nutmeg (Myristica).Specifically, designating an acid found in nutmeg oil and otoba fat,and extracted as a white crystalline waxy substance."},
    {"word": "CHISLEY", "definition": "Having a large admixture of small pebbles or gravel; -- said ofa soil. Gardner."},
    {"word": "CHARGEANT", "definition": "Burdensome; troublesome. [Obs.] Chaucer."},
    {"word": "LUTH", "definition": "The leatherback."},
    {"word": "MYRISTIN", "definition": "The myristate of glycerin, -- found as a vegetable fat innutmeg butter, etc."},
    {"word": "HOARD", "definition": "See Hoarding, 2. Smart."},
    {"word": "MISSELTOE", "definition": "See Mistletoe."},
    {"word": "LANDAULET", "definition": "A small landau."},
    {"word": "VESICATE", "definition": "To raise little bladders or blisters upon; to inflame andseparate the cuticle of; to blister. Wiseman."},
    {"word": "AUSTERELY", "definition": "Severely; rigidly; sternly.A doctrine austerely logical. Macaulay."},
    {"word": "ARAGUATO", "definition": "A South American monkey, the ursine howler (Mycetes ursinus).See Howler, n., 2."},
    {"word": "TIMBERHEAD", "definition": "The top end of a timber, rising above the gunwale, and servingfor belaying ropes, etc.; -- called also kevel head."},
    {"word": "QUILTER", "definition": "One who, or that which, quilts."},
    {"word": "HYMENOPHORE", "definition": "That part of a fungus which is covered with the hymenium."},
    {"word": "ERRATICAL", "definition": "Erratic.-- Er*rat\"ic*al*ly, adv.-- Er*rat\"ic*al*ness, n."},
    {"word": "LANARKITE", "definition": "A mineral consisting of sulphate of lead, occurring eithermassive or in long slender prisms, of a greenish white or gray color."},
    {"word": "PREPAYMENT", "definition": "Payment in advance."},
    {"word": "ASSOCIATIVE", "definition": "Having the quality of associating; tending or leading toassociation; as, the associative faculty. Hugh Miller."},
    {"word": "DISLINK", "definition": "To unlink; to disunite; to separate. [R.] Tennyson."},
    {"word": "BIZET", "definition": "The upper faceted portion of a brilliant-cut diamond, whichprojects from the setting and occupies the zone between the girdleand the table. See Brilliant, n."},
    {"word": "ADROGATE", "definition": "To adopt (a person who is his own master)."},
    {"word": "LOUK", "definition": "An accomplice; a \"pal.\" [Obs.]There is no thief without a louk. Chaucer."},
    {"word": "APPELLATORY", "definition": "Containing an appeal.An appellatory libel ought to contain the name of the partyappellant. Ayliffe."},
    {"word": "TUMP", "definition": "A little hillock; a knoll. Ainsworth."},
    {"word": "HORNBLOWER", "definition": "One who, or that which, blows a horn."},
    {"word": "ELEUTHEROMANIA", "definition": "A mania or frantic zeal for freedom. [R.] Carlyle."},
    {"word": "LAUGHTERLESS", "definition": "Not laughing; without laughter."},
    {"word": "PHASE SPLITTER", "definition": "A device by which a single-phase current is split into two ormore currents differing in phase. It is used in starting single-phaseinduction motors."},
    {"word": "CONSANGUINEOUS", "definition": "Of the same blood; related by birth; descended from the sameparent or ancestor. Shak."},
    {"word": "DEWLAPPED", "definition": "Furnished with a dewlap."}
  ]
}
